{"cameraMode":{"drawMode":0,"name":"Shaded","section":"Shading Mode"},"sceneLighting":true,"audioPlay":false,"sceneViewState":{"m_AlwaysRefresh":false,"showFog":true,"showSkybox":true,"showFlares":true,"showImageEffects":true,"showParticleSystems":true,"showVisualEffectGraphs":true,"m_FxEnabled":true},"in2DMode":false,"pivot":{"x":126.84979248046875,"y":84.02560424804688,"z":6.17929744720459},"rotation":{"x":-0.14909407496452332,"y":0.4654671549797058,"z":-0.07988304644823075,"w":-0.8687582015991211},"size":0.021654758602380754,"orthographic":false}