{"cameraMode":{"drawMode":0,"name":"Shaded","section":"Shading Mode"},"sceneLighting":true,"audioPlay":false,"sceneViewState":{"m_AlwaysRefresh":false,"showFog":true,"showSkybox":true,"showFlares":true,"showImageEffects":true,"showParticleSystems":true,"showVisualEffectGraphs":true,"m_FxEnabled":true},"in2DMode":false,"pivot":{"x":-445.9143371582031,"y":-179.14675903320313,"z":-249.07339477539063},"rotation":{"x":-0.09119431674480438,"y":0.8569210171699524,"z":-0.16255967319011689,"w":-0.48064863681793215},"size":347.49346923828127,"orthographic":false}